000-1311;
000-1308;
000-1312;
000-1313;
000-1310;
000-1314;
000-1318;
000-1309;
000-1315;
000-1316;
000-1317;
000-1444;
000-2523;5060539641292
000-2379;5060539641254
000-2386;5060539648376
000-2380;5060539644200
000-2522;5060539641278
000-2381;5060539643210
000-2941;5056488601081
000-2940;5056488601098
000-2943;5056488601104
000-2942;5056488601111
000-2382;5060539641834
000-2387;5060539648406
000-2383;5060539641285
000-2388;5060539648383
000-2384;5060539641261
000-2389;5060539648390
000-2524;5060539646686
000-2385;5060539642008
000-2390;5060539648413
000-2378;5060539641247
000-3287;6921426638032
000-3286;6921426640608
000-3283;6921426638001
000-3282;6921426640578
000-3273;6921426638049
000-3272;6921426640615
000-3269;6921426637998
000-3268;6921426640561
000-3271;6921426637974
000-3270;6921426640547
000-3279;6921426637967
000-3278;6921426640530
000-3285;6921426638025
000-3284;6921426640592
000-3275;6921426638056
000-3274;6921426640622
000-3281;6921426638018
000-3280;6921426640585
000-3277;6921426637981
000-3276;6921426640554
000-3167;5904576001650
000-3164;5904576001674
000-3205;5904576001704
000-3179;5904576001735
000-3174;5904576001742
000-3175;5904576001766
000-3165;5904576001773
000-3172;5904576001780
000-3171;5904576001797
000-3173;5904576001803
000-3169;5904576001834
000-3166;5904576001841
000-3178;5904576001858
000-3170;5904576008864
000-3168;5905090300038
000-3176;5904576001759
000-3177;5904576005344
000-3180;5904576001681
000-3298;5060933107103
000-3291;5060933107127
000-3566;5060933107165
000-3565;5060933107141
000-3295;5060933107189
000-3293;5060933107202
000-3294;5060933107226
000-3292;5060933107240
000-3299;5060933107264
000-3296;5060933107288
000-3297;5060933107301
000-3290;5060933107325
000-3618;5905311225317
000-3617;5905311225324
000-3609;5905311200666
000-3610;5905311225379
000-3611;5905311225386
000-3612;5905311225416
000-3613;5905311225430
000-3614;5905311200741
000-3615;5905311225348
000-3616;5905311232179
000-1060;6958947110594
000-1415;
000-1416;6958947110617
000-1392;6958947125314
000-866;6958947127813
000-867;6958947110402
000-868;6958947110419
000-1417;6958947127165
000-1944;849660011793
000-1767;6958947123679
000-960;6958947123686
000-855;6958947121965
000-853;6958947121941
000-852;6958947121934
000-854;6958947121958
000-890;6958947121026
000-891;6958947123761
000-1890;
000-1892;6958947126427
000-1891;6958947126434
000-1888;6958947126397
000-1887;6958947123587
000-1889;
000-865;6958947121323
000-864;6958947121347
000-863;6958947121316
000-2945;6958947139441
000-2948;6958947139939
000-2949;6958947139434
000-2946;6958947139342
000-2950;6958947139953
000-2947;6958947139946
000-2685;819329023016
000-2684;819329023047
000-2565;819329022897
000-2566;819329022927
000-2683;819329026796
000-2568;819329023078
000-2567;819329023108
000-3593;6976058110548
000-3596;6976058110470
000-3594;6976058110593
000-3595;6976058110449
000-3597;6976058110463
000-3598;6976058110517
000-3599;6976058110555
000-3600;6976058110500
000-3601;6976058110524
000-3602;6976058110579
000-3603;6976058110531
000-3604;6976058110562
000-3605;6976058110456
000-3606;6976058110487
000-3607;6976058110586
000-3608;6976058110494
000-3362;658238995607
000-3363;658238995621
000-3364;742978613256
000-3365;78105693
000-3366;658238995652
000-3367;658238995669
000-3368;658238995676
000-3369;658238995683
000-3370;658238995690
000-1436;752830829985
000-1426;752830830080
000-1437;644216909025
000-2687;787790453215
000-1438;644216910120
000-2689;787790453314
000-1433;023241679545
000-1435;023241679514
000-1431;752830830684
000-2688;787790453413
000-1430;752830830189
000-1439;644216910229
000-2686;752830831186
000-1432;752830830288
000-1429;752830830783
000-1720;752830830882
000-1434;752830830981
000-1427;752830831087
000-1428;752830831186
000-498;858478002121
000-514;858478002787
000-458;858478002015
000-464;858478002022
000-502;858478142100
000-546;858478140007
000-420;858478002985
000-416;858478002039
000-522;858478142407
000-532;858478138905
000-2353;858478002169
000-2354;858478147303
000-530;858478142308
000-510;858478002848
000-528;858478143107
000-2352;858478141400
000-484;858478002183
000-500;858478002213
000-460;858478140908
000-470;858478002251
000-2348;858478148447
000-2351;858478002275
000-524;858478002756
000-534;858478141806
000-516;858478002725
000-422;858478140106
000-436;858478141004
000-490;858478002930
000-428;858478140205
000-2356;858478139001
000-472;858478002336
000-2357;858478146504
000-544;858478143602
000-536;858478139803
000-452;858478002886
000-526;858478002350
000-518;858478141905
000-474;858478002367
000-414;858478002879
000-446;858478138806
000-538;1850440002916
000-432;858478002732
000-508;858478140403
000-494;858478143008
000-442;858478002701
000-454;858478002978
000-448;858478002893
000-426;858478002411
000-438;858478002855
000-444;858478002428
000-2350;858478140502
000-418;858478002442
000-2349;858478147402
000-2347;858478138509
000-456;858478002466
000-540;858478141103
000-424;858478143206
000-504;858478139100
000-476;858478138301
000-480;858478138202
000-488;858478002909
000-2355;858478147204
000-412;858478002565
000-486;858478143503
000-492;858478002831
000-440;858478002695
000-434;858478139704
000-542;858478148775
000-512;858478002688
000-462;858478002404
000-478;858478002589
000-466;858478002633
000-430;858478002817
000-520;858478002596
000-450;858478142209
000-496;858478002602
000-548;858478002619
000-482;858478137809
000-468;858478148485
000-506;858478140304
000-3405;
000-3406;
000-3404;
000-3407;
000-3415;
000-3414;
000-3409;
000-3408;
000-3413;
000-3410;
000-3412;
000-3411;
000-2578;5060539647461
000-2580;5060539647645
000-2679;5056488600183
000-2579;5060539649250
000-2577;5060539647669
000-2680;5060539649281
000-3224;5056488600510
000-2681;5060539649816
000-3207;5060539647928
000-2677;5060539648536
000-2573;5060539647515
000-2576;5060539649403
000-2678;5060539649410
000-2574;5060539648567
000-2676;5060539649939
000-2575;5060539649298
000-2674;5060539648079
000-3227;5060539649465
000-2572;5060539648734
000-2570;5060539648093
000-2672;5060539648741
000-2673;5060539648109
000-2571;5060539648765
000-2671;5060539648765
000-3226;5060539647706
000-2668;5060539649694
000-3225;5056488600732
000-2669;5060539649502
000-2666;5060539647584
000-3124;5060539649489
000-2667;5060539649717
000-2675;5060539648796
000-2132;7630947616410
000-2131;7630947616434
000-2130;7630947616427
000-2127;7630947616403
000-2128;7630947616441
000-1423;752830832282
000-1422;6533413594902
000-1424;752830832183
000-2148;04739369189
000-1347;
000-336;
000-1907;5056276649714
000-1608;5060576547137
000-1616;5060510407275
000-1618;5060510407756
000-2340;5059362071550
000-2341;5059362071567
000-2342;5059362071574
000-2921;5059362115384
000-2922;5059362115391
000-2923;5059362115438
000-2924;5059362115360
000-2925;5059362115377
000-2926;5059362115407
000-2927;5059362115322
000-2928;5059362115445
000-2929;5059362115414
000-2930;5059362115353
000-2931;5059362115346
000-2932;5059362115339
000-1911;5056276681134
000-1909;5056276681141
000-2337;5059362047500
000-1912;5056276681158
000-1910;5056276681127
000-2338;5056276697494
000-1998;5059362017343
000-1611;5060533658418
000-2339;5059362047517
000-1899;5059362017312
000-1612;5060533658371
000-1615;5060533658401
000-1901;5059362017336
000-1613;5060533658388
000-1614;5060533658395
000-1896;5059362017305
000-1897;5059362017329
000-3129;5059362209878
000-3128;5059362209892
000-3127;5059362209885
000-3126;5059362209861
000-3125;5059362209908
000-3037;5056276667466
000-3548;5059362444583
000-2996;5056276699771
000-3549;5059362444644
000-3007;5056276667824
000-3015;
000-3550;5059362444637
000-2998;5056276666742
000-3551;5059362444699
000-3289;
000-3036;5056276699856
000-3001;5056276699801
000-2997;5056276669538
000-3552;5059362444590
000-3553;5059362444705
000-3011;5056276699818
000-3002;
000-3012;5056276667107
000-3554;5059362444682
000-3555;5059362444712
000-3013;5059362086479
000-3249;
000-3004;5056276667640
000-3008;5059362086653
000-3038;5059362013499
000-3003;5059362013314
000-3005;5059362031769
000-3288;
000-3556;5059362444613
000-3000;5056276668180
000-3557;5059362444620
000-3009;5059362086639
000-3558;5059362444606
000-3014;5059362033374
000-3559;5059362444651
000-3560;5059362444675
000-3561;5059362444668
000-2999;5056276667282
000-3006;5060591743774
000-3010;5059362086486
000-2343;5059362027786
000-2344;5059362027762
000-2345;5059362027793
000-2346;5059362027779
000-1906;5056276660115
000-1903;5056276660122
000-1902;5056276660139
000-1904;5056276660146
000-1905;5056276660153
000-2980;5059362138925
000-2979;5059362138932
000-2978;5059362138949
000-2977;5059362138956
000-2976;5059362138963
000-2975;5059362138970
000-2974;5059362138987
000-2981;5059362138918
000-2972;5059362139007
000-2967;5059362139052
000-2971;5059362139014
000-2970;5059362139021
000-2973;5059362138994
000-2969;5059362139038
000-2966;5059362139069
000-2965;5059362139076
000-2964;5059362139083
000-2968;5059362139045
000-3300;5059362333283
000-3301;5059362333290
000-3303;5059362333306
000-3304;5059362333313
000-3307;5059362333320
000-3305;5059362333337
000-3306;5059362333344
000-3302;5059362333351
000-3308;5059362333368
000-3311;5059362333399
000-3309;5059362333375
000-3310;5059362333382
000-3312;5059362333405
000-3313;5059362333412
000-2837;5060908030146
000-2838;5060908030153
000-2841;5060476546308
000-2836;5060476546315
000-2834;5060476546339
000-2842;5060476546346
000-2839;5060476546353
000-2843;5060476546360
000-2840;5060476546377
000-2844;5060476546384
000-2835;5060476546391
000-1520;6487500421766
000-1522;
000-1523;
000-1521;6487500421797
000-1519;6487500421803
000-1524;
000-2292;6487500422312
000-2293;6487500422305
000-2294;6487500422329
000-2295;6487500422343
000-2296;6487500422350
000-2297;6487500422336
000-1938;6487500421865
000-1939;6487500421834
000-1937;6487500421827
000-1934;6487500421841
000-1936;6487500421858
000-1935;6487500421872
000-3208;6487522524568
000-3209;6487522524582
000-3210;6487522524605
000-3211;6487522524575
000-3212;6487522524599
000-3213;6487522524551
000-344;
000-346;
000-345;
000-343;
000-341;
000-342;
000-352;
000-349;
000-382;
000-350;
000-381;
000-351;
000-348;
000-384;
000-383;
000-356;
000-354;
000-357;
000-355;
000-358;
000-353;
000-361;
000-359;
000-402;
000-405;
000-403;
000-404;
000-406;
000-288;
000-917;6971365271869
000-894;6971365271876
000-1766;
000-1765;
000-962;6971365276871
000-2206;
000-3049;6941197617296
000-3050;6941197617302
000-892;6941197601622
000-2452;
000-893;6941197601639
000-961;6971365274891
000-1014;6971365274907
000-3046;
000-3045;
000-3047;
000-3159;6937643579386
000-3151;6937643579409
000-3163;6937643579416
000-3162;6937643579423
000-3157;6937643579447
000-3154;6937643579454
000-3148;6937643579461
000-3160;6937643579485
000-3152;6937643579508
000-3155;6937643579515
000-3158;6937643579577
000-3153;6937643579584
000-3156;6937643579591
000-3149;6937643579614
000-3161;6937643579638
000-3150;6937643579645
000-3563;
000-3745;7350117055169
000-3741;7350117055190
000-3746;7350117055183
000-3740;7350117055176
000-3744;7350117055138
000-3742;7350117055145
000-3743;7350117055152
000-3747;7350117055121
000-1955;7426964653718
000-3642;
000-2509;7426964652926
000-3654;
000-2510;7426964652919
000-2511;7426964652957
000-3668;
000-2512;7426964652964
000-3667;7426964653824
000-3657;
000-1956;7426964653695
000-3656;
000-1675;7625702408683
000-3666;
000-2514;7426964652940
000-2141;9555856600313
000-2515;7426964652988
000-1662;7426962521422
000-3665;
000-1674;7625710881584
000-2146;7426964654586
000-3658;
000-1957;7426964653763
000-3653;
000-3660;
000-1958;7426964653749
000-2144;7426964654579
000-3652;
000-1673;7625713553051
000-1672;7625710116372
000-3643;7426962521521
000-2143;7426964652612
000-1664;7426962521446
000-1959;7426964653701
000-1671;7625714276058
000-1960;7426964653725
000-3651;
000-2516;7426964652933
000-3650;
000-1670;7625714912024
000-2517;7426964652902
000-3659;
000-1895;9555856600337
000-3649;
000-1669;7625698904954
000-1961;7426964653756
000-3644;
000-3663;
000-1663;7426962521439
000-3664;
000-1665;7426962521453
000-3648;
000-3647;
000-1962;7426964653770
000-1668;7625715975554
000-1894;9555856600290
000-2633;7426964652995
000-3662;
000-2140;7426964652629
000-1963;7426964653787
000-2518;7426964652971
000-3661;
000-1964;7426964653732
000-3655;
000-2147;7426964652605
000-3646;
000-1965;7426964653794
000-1667;7625716261601
000-3645;
000-2142;
000-1666;7426962521415
000-2017;7630947616373
000-3378;7630947616434
000-2018;7630947616359
000-3246;7630947616403
000-3385;7630947616441
000-3244;7630947616380
000-2019;7630947616366
000-2020;7630947616342
000-2021;7630947616335
000-3386;7630947616427
000-2022;7630947616328
000-2023;7630947616311
000-2024;7630947616304
000-3248;7630947616427
000-3381;7630947616458
000-3247;7630947616397
000-2025;7630947616298
000-3384;7630947616465
000-3379;7630947616472
000-2026;7630947616281
000-3383;7630947616489
000-3245;7630947616410
000-3382;7630947616496
000-3387;7630947616502
000-3380;7630947616519
000-584;8058159657660
000-571;8058159652177
000-582;8058159657868
000-580;8058159657967
000-2858;
000-2856;
000-2859;
000-2855;
000-2857;
000-3051;6970313649842
000-3058;6974622803872
000-3057;
000-3053;6970313649828
000-3059;6974622803889
000-3055;6970313649835
000-3060;6974622803896
000-3056;6970313649859
000-3320;6974622803865
000-3054;6970313642560
000-3321;6974622809300
000-3052;6970313649811
000-147;5714025000512
000-149;5714025000499
000-148;5714025000505
000-155;5714025000635
000-157;5714025000611
000-156;5714025000628
000-160;5714025000758
000-162;5714025000734
000-161;5714025000741
000-200;5714025000598
000-202;5714025000574
000-201;5714025003834
000-188;5714025000710
000-190;5714025000697
000-189;5714025000703
000-204;5714025000031
000-206;5714025000017
000-205;5714025000024
000-184;5714025000390
000-186;5714025000376
000-185;5714025000383
000-216;5714025000833
000-218;5714025000819
000-217;5714025000826
000-228;5714025000871
000-230;5714025000857
000-229;5714025000864
000-232;5714025000475
000-234;5714025000451
000-233;5714025000468
000-3716;7350122212052
000-3716;7350122212052
000-3720;7350122212182
000-3720;7350122212182
000-3722;7350122212144
000-3722;7350122212144
000-3718;7350122210003
000-3718;7350122210003
000-3721;7350122210010
000-3721;7350122210010
000-3719;7350122212199
000-3719;7350122212199
000-3717;7350122210027
000-3717;7350122210027
000-1780;6921426624752
000-3696;6939625105231
000-3697;3940615105226
000-3698;6939625105132
000-3699;6939625105224
000-3700;6939625105170
000-3701;6939625105194
000-3702;6939625105248
000-3703;6939625105149
000-3704;6939625105163
000-3705;6939625105125
000-3706;6939625105200
000-3707;6939625105217
000-3619;
000-3620;
000-3621;
000-3622;
000-3623;
000-3624;
000-3625;
000-3626;
000-3627;
000-3628;
000-3629;
000-3630;
000-3631;
000-3632;
000-3576;3858893405290
000-3572;3858893405252
000-3580;3858893406921
000-3567;3858893405931
000-3568;3858893405320
000-3569;3858893405313
000-3570;3858893405917
000-3571;3858893405306
000-3577;3858893405283
000-3573;3858893406945
000-3574;3858893405245
000-3578;3858893405337
000-3579;3858893405269
000-3575;3858893405276
000-2955;676307827772
000-2956;676307827789
000-2596;
000-2597;
000-2594;
000-2595;
000-2099;
000-2604;
000-2605;
000-2590;
000-2591;
000-2598;
000-2599;
000-2582;
000-2583;
000-2584;
000-2585;
000-2600;
000-2601;
000-2607;9735465248643
000-2606;9735463985489
000-3339;
000-2588;
000-2589;
000-2602;
000-2603;
000-2592;
000-2593;
000-2586;
000-2587;
000-3062;6971883409584
000-3064;6971883409591
000-3061;6971883409607
000-3063;6971883409577
;6971883409614
000-3133;5056168893652
000-3134;5056168893645
000-3132;5056168893638
000-3130;5056168893669
000-3131;5056168893676
000-3147;5056168837991
000-3146;5056168830244
000-3135;5056168849536
000-3145;5056168830183
000-3144;5056168830176
000-3139;5056168854844
000-3138;5056168854868
000-3143;5056168830190
000-3142;5056168830169
000-3137;5056168854851
000-3136;5056168855698
000-3141;5056168831852
000-3220;5056168874446
000-3140;5056168854837
000-3222;5056168874408
000-3221;5056168874484
000-585;
000-586;
000-587;
000-588;
000-589;
000-590;
000-3731;7350117050119
000-3731;7350117050119
000-3728;7350117050065
000-3728;7350117050065
000-3730;7350117050195
000-3730;7350117050195
000-3528;7350117050164
000-3528;7350117050164
000-3452;7350117050010
000-3452;7350117050010
000-3726;7350117055008
000-3726;7350117055008
000-3527;7350117050034
000-3527;7350117050034
000-3725;7350117050058
000-3725;7350117050058
000-3454;7350117050133
000-3454;7350117050133
000-3455;7350117050102
000-3455;7350117050102
000-3732;7350117050003
000-3732;7350117050003
000-3456;7350117050089
000-3456;7350117050089
000-3727;7350117055015
000-3727;7350117055015
000-3453;7350117050027
000-3453;7350117050027
000-3729;7350117050096
000-3729;7350117050096
000-3457;7350117050157
000-3457;7350117050157
000-3319;6487522524230
000-3319;6487522524230
000-3318;6487522524247
000-3318;6487522524247
000-3317;6487522524223
000-3317;6487522524223
000-3316;6487522524261
000-3316;6487522524261
000-3315;6487522524254
000-3315;6487522524254
000-2811;6487500523514
000-2812;6487500523521
000-2813;6487500523545
000-2814;6487500523538
000-2815;6487500523552
000-2861;6487500524122
000-2134;6487500524115
000-2860;6487500524139
000-3562;
000-923;
000-2485;8596181100001
000-2487;8596181100032
000-2486;8596181100025
000-2477;8596181100056
000-2479;8596181100087
000-2478;8596181100070
000-2501;8596181100155
000-2503;8596181100186
000-2502;8596181100179
000-3237;8596181100308
000-3239;8596181100339
000-3238;8596181100322
000-2759;8596181100353
000-2761;8596181100384
000-2760;8596181100377
000-3234;8596181100858
000-3236;8596181100889
000-3235;8596181100872
000-2762;8596181101183
000-2764;8596181101213
000-2763;8596181101206
000-2768;8596181101534
000-2770;8596181101565
000-2769;8596181101558
000-2473;8596181101688
000-2475;8596181101718
000-2474;8596181101701
000-2756;8596181101886
000-2758;8596181101916
000-2757;8596181101909
000-2461;8596181101985
000-2463;8596181102012
000-2462;8596181102005
000-3240;
000-3243;
000-3241;
000-2465;8596181102289
000-2467;8596181102319
000-2466;8596181102302
000-3231;8596181132293
000-3233;8596181102418
000-3232;8596181102401
000-2493;8596181102432
000-2494;8596181102456
000-2765;8596181102531
000-2767;8596181102562
000-2766;8596181102555
000-3228;8596181132316
000-3230;
000-3229;8596181102609
000-2497;8596181102630
000-2499;8596181102661
000-2498;8596181102654
000-2453;8596181102685
000-2455;8596181102715
000-2454;8596181102708
000-2481;8596181102739
000-2483;8596181102760
000-2482;8596181102753
000-2495;8596181102463
000-3467;7350114310025
000-3467;7350114310025
000-3462;7350114310070
000-3462;7350114310070
000-3466;7350114310223
000-3466;7350114310223
000-3463;7350114310483
000-3463;7350114310483
000-3468;7350114318700
000-3468;7350114318700
000-3464;7350114310698
000-3464;7350114310698
000-3529;7350114311107
000-3529;7350114311107
000-3460;7350114310933
000-3460;7350114310933
000-3530;
000-3530;
000-3461;7350114311275
000-3461;7350114311275
000-3531;
000-3531;
000-3459;7350114311428
000-3459;7350114311428
000-3458;7350114311787
000-3458;7350114311787
000-3469;7350114316904
000-3469;7350114316904
000-3465;7350114311978
000-3465;7350114311978
000-120;6952400100269
000-2718;7730965124369
000-2719;7730965124338
000-2721;9164000342643
000-1421;752830835580
000-1420;752830835481
000-1419;752830835382
000-1418;752830835283
000-128;6952400100207
000-127;6952400100207
000-126;6952400100207
000-62;6952400100245
000-115;
000-363;
000-362;
000-2004;
000-2057;6487500421742
000-2058;6487500421735
000-2061;6487500421728
000-2060;6487500421711
000-2056;6487500421759
000-2059;6487500421704
000-2298;6487500422374
000-2299;6487500422367
000-2300;6487500422381
000-2301;6487500422404
000-2302;6487500422411
000-2303;6487500422398
000-2064;6487500421643
000-2066;6487500421650
000-2065;6487500421667
000-2067;6487500421674
000-2063;6487500421698
000-2062;6487500421681
000-3214;6487522524568
000-3215;6487522524582
000-3216;6487522524605
000-3217;6487522524575
000-3218;6487522524599
000-3219;6487522524551
000-2816;6487500523569
000-2817;6487500523576
000-2818;6487500523590
000-2819;6487500523583
000-2820;6487500523606
000-324;
000-723;5060656820174
000-728;5060656820136
000-979;5060656820303
000-1349;615435558349
000-974;5060656820204
000-727;5060656820143
000-726;615435551760
000-977;615435551203
000-734;615435551838
000-1350;615435558332
000-978;615435551210
000-725;5060656820167
000-1351;5060656820327
000-735;615435551821
000-724;5060656820150
000-3024;5060656820457
000-3025;5060656820433
000-3223;5060656823427
000-3021;5060656820518
000-3026;5060656820440
000-3029;5060656823373
000-3028;5060656823403
000-3030;5060656823380
000-3020;5060656820587
000-3031;5060656823397
000-3032;5060656820594
000-3033;5060656820617
000-3022;615435559711
000-3023;5060656820426
000-3034;5060656823366
000-3027;5060656820532
000-3035;5060656820600
000-1849;5060656820372
000-1850;5060656820365
000-1852;5060656820341
000-1851;5060656820358
000-3016;5060656820693
000-3019;5060656820679
000-3017;5060656820662
000-3018;5060656820686
000-2737;
000-2734;
000-2731;
000-881;6952506491384
000-880;6952506491391
000-339;6952506491896
000-1721;854762008046
000-1722;868145000459
000-1723;868145000435
000-1724;868145000442
000-3335;7630947617035
000-3325;7630947616939
000-3337;7630947617042
000-3326;7630947616946
000-3327;7630947616922
000-3329;7630947616960
000-3333;7630947617004
000-3330;7630947616984
000-3331;7630947616991
000-3338;7630947617059
000-3332;7630947617011
000-3328;7630947616953
000-3336;7630947616977
000-3334;7630947617028
000-1872;
000-3416;850033702576
000-3417;850033702590
000-3418;850033702538
000-3419;850033702583
000-3420;850033702613
000-3421;850033702606
000-3422;850033702514
000-3423;850033702521
000-3424;850033702545
000-3425;850033702620
000-81;
000-299;
000-407;
000-386;
000-387;
000-140;
000-139;
000-143;
000-144;
000-142;
000-141;
000-3633;
000-3634;
000-3635;
000-3636;
000-3637;
000-3638;
000-3639;
000-3640;
000-3641;
000-3371;658238995423
000-3372;658238995430
000-3373;658238995447
000-3374;658238995454
000-3375;658238995461
000-3376;742978613287
000-3377;742978613232
000-2957;716252502338
000-2958;716252502345
000-2959;715706999571
000-2960;716252502352
000-2961;716252502321
000-3390;5060980310143
000-3402;5060980315513
000-3403;5060980315520
000-3395;5060980310150
000-3389;5060980310167
000-3396;5060980310174
000-3399;5060980310181
000-3394;5060980310198
000-3398;5060980310204
000-3397;5060980310211
000-3391;5060980310235
000-3401;5060980310242
000-3400;5060980315537
000-3388;5060980310259
000-3393;5060980310266
000-3392;5060980310273
000-3733;5060417895618
000-3591;5060417890033
000-3587;5060417890019
000-3590;5060417890095
000-3589;5060417890088
000-3583;5060417890101
000-3734;5060417895571
000-3735;5060417895588
000-3736;5060417895601
000-3592;5060417890118
000-3581;5060417890071
000-3582;5060417890026
000-3737;5060417895625
000-3585;5060417890002
000-3738;5060417895595
000-3588;
000-3586;5060417890057
000-3584;5060417890064
000-3739;5060417895564
000-2367;850632008031
000-2368;850632008369
000-2369;850632008123
000-1943;5060521398678
000-2083;5060521399750
000-2086;6940695620470
000-2088;6940695620463
000-2089;6940695620494
000-2087;6940695620487
000-2085;6940695620890
000-2084;6940695620456
000-2785;6940695617166
000-963;6940695616381
000-964;6940695616411
000-965;6940695616442
000-2788;6940695673674
000-2787;6940695673742
000-2791;6940695673681
000-2794;6940695673704
000-2789;
000-2792;6940695673698
000-2790;6940695673728
000-2793;6940695673735
000-2796;6940695674503
000-2795;
000-2799;6940695674510
000-2802;6940695674534
000-2797;6940695674541
000-2800;6940695674527
000-2798;6940695674558
000-2801;6940695674565
000-2246;
000-1589;
000-1590;
000-1592;
000-1591;
000-2426;
000-1267;6940695607105
000-2093;6940695635993
000-2094;6940695634194
000-2096;
000-2097;
000-1682;6940695618187
000-935;6940695615483
000-939;6940695615445
000-3084;6940695631070
000-2076;6940695630622
000-2078;6940695630547
000-2073;6940695628858
000-2072;6940695628865
000-2075;6940695628889
000-2074;6940695628841
000-2071;6940695628872
000-2070;6940695628834
000-2854;
000-2853;6940695673988
000-2852;
000-2851;6940695673087
000-2848;6940695673070
000-2850;6940695673056
000-2846;6940695673032
000-2849;6940695673063
000-2847;6940695673049
000-1022;6940695604531
000-1319;6940695614844
000-1681;6940695618170
000-957;
000-955;
000-954;
000-952;6940695614981
000-1402;6940695614998
000-953;
000-956;
000-2095;6940695634224
000-879;
000-1533;7335776634016
000-2226;7335776634283
000-2231;7335776634351
000-1554;7335776634023
000-1555;7335776634030
000-1553;7335776634047
000-1551;7335776634054
000-2227;7335776634320
000-1781;7335776634276
000-1552;7335776634078
000-2786;7335776123749
000-2225;7335776634344
000-1546;7335776634092
000-2232;7335776634306
000-1545;7335776634177
000-2230;7335776634337
000-1568;7335776634290
000-1537;7335776634122
000-1535;7335776634139
000-1542;7335776634146
000-1541;7335776634153
000-2229;7335776634184
000-1536;7335776634207
000-1538;7335776634214
000-1539;7335776634221
000-1544;7335776634238
000-2228;7335776634313
000-1550;7335776634252
000-1557;7335776634269
000-2263;7630947616564
000-2529;9555919400829
000-3111;7630947616779
000-3114;7630947616809
000-3110;7630947616762
000-3112;7630947616786
000-3115;7630947616816
000-3113;7630947616793
000-3203;7630947616861
000-3202;7630947616854
000-3204;7630947616847
000-3201;7630947616830
000-3200;7630947616823
000-2983;7630947616649
000-2647;7630947616601
000-2645;7630947616625
000-2984;7630947616656
000-2646;7630947616618
000-2644;7630947616632
000-2989;7630947616748
000-2986;7630947616717
000-2990;7630947616755
000-2987;7630947616724
000-2985;7630947616700
000-2988;7630947616731
000-2993;7630947616694
000-2991;7630947616670
000-2992;7630947616687
000-2994;7630947616663
000-3196;7630947616915
000-3199;7630947616908
000-3198;7630947616885
000-3197;7630947616878
000-3195;7630947616892
000-2223;644216249893
000-2222;644216249992
000-2224;
000-3107;787790438519
000-3109;644216251094
000-3108;
000-1128;752830837485
000-1718;644216372652
000-1719;644216372553
000-1126;752830837584
000-1127;752830837683
000-1125;752830837782
000-3090;6941736502601
000-2691;6970305349484
000-2690;6970305349378
000-3039;6941736504179
000-3185;6941736504056
000-3186;6941736504032
000-3187;6941736504070
000-3188;6941736506975
000-3189;6941736506982
000-3190;6941736506968
000-3191;6941736504049
000-3192;6941736504063
000-3193;6941736504025
000-3194;
000-3182;6941736505459
000-3314;
000-3181;6941736505442
000-3183;6941736505466
000-3184;6941736505473
000-2168;
000-1794;
000-1796;
000-1795;
000-1791;
000-1793;
000-1792;
000-1785;
000-1787;
000-1786;
000-1788;
000-1790;
000-1789;
000-1782;
000-1784;
000-1783;
000-1915;9164003342640
000-2258;7630947616540
000-2261;7630947616519
000-2259;7630947616533
000-2260;7630947616502
000-2257;7630947616526
000-676;6970186230772
000-677;6970186230765
000-2069;6970186231212
000-736;6970186230772
000-672;6943498600359
000-673;1446002400018
000-674;6943498600366
000-675;6943498600175
000-1076;6943498600373
000-1352;6943498601882
000-2706;6943498686384
000-2186;6943498689293
000-2185;6943498663224
000-3083;6943498686360
000-2393;
000-2395;
000-2394;
000-2396;6943498685301
000-3105;
000-2397;6943498685295
000-2392;6943498685264
000-3076;6943498689750
000-3077;6943498689774
000-3066;
000-3068;6943498689620
000-3072;6943498689606
000-3075;6943498693610
000-3069;6943498689842
000-3073;6943498693573
000-3074;6943498693597
000-3071;6943498689859
000-3067;6943498689613
000-3070;6943498689835
000-2193;
000-2194;
000-1361;
000-1360;6943498657872
000-1385;6943498644766
000-1365;
000-1364;
000-1363;6943498644520
000-2711;
000-2709;6943498688159
000-2712;
000-2713;
000-2710;6943498688111
000-2708;6943498688258
000-1374;6970186231120
000-1375;
000-1373;
000-1372;6970186231090
000-2621;
000-2623;
000-2624;
000-2622;
000-3122;
000-3116;6943498692248
000-3119;6943498692187
000-3120;6943498692262
000-3121;6943498692286
000-3118;3401290284342
000-3117;6943498692149
000-3123;
000-1386;1646001000015
000-3478;7350126717928
000-3478;7350126717928
000-3489;5715345000589
000-3489;5715345000589
000-3479;7350126711407
000-3479;7350126711407
000-3484;7350126718161
000-3484;7350126718161
000-3486;7350126717447
000-3486;7350126717447
000-3475;7350126717966
000-3475;7350126717966
000-3488;5715345000350
000-3488;5715345000350
000-3487;5715345000343
000-3487;5715345000343
000-3471;5715345002217
000-3471;5715345002217
000-3485;5715345001036
000-3485;5715345001036
000-3482;7350126716846
000-3482;7350126716846
000-3470;7350126717843
000-3470;7350126717843
000-3532;
000-3532;
000-3474;7350126717881
000-3474;7350126717881
000-3473;7350126717720
000-3473;7350126717720
000-3472;5715345002224
000-3472;5715345002224
000-3480;7350126711360
000-3480;7350126711360
000-3481;7350126718208
000-3481;7350126718208
000-3477;7350126717805
000-3477;7350126717805
000-3483;7350126717409
000-3483;7350126717409
000-3476;7350126717768
000-3476;7350126717768
000-604;818368026354
000-603;818368026361
000-602;818368026347
000-637;
000-636;
000-635;
000-638;
000-3683;742880439999
000-3690;742880440599
000-3684;742880439364
000-3685;742880439371
000-3692;742880440582
000-3686;742880439982
000-3693;742880440575
000-3687;742880439326
000-3688;742880439357
000-1881;
000-1882;
000-3514;7311250006876
000-3514;7311250006876
000-3515;7311250006883
000-3515;7311250006883
000-3516;7311250006906
000-3516;7311250006906
000-3526;5704420076991
000-3526;5704420076991
000-3520;7311250006913
000-3520;7311250006913
000-3511;7311250006845
000-3511;7311250006845
000-3524;7311250007132
000-3524;7311250007132
000-3519;7311250007002
000-3519;7311250007002
000-3521;7311250007101
000-3521;7311250007101
000-3517;7311250007019
000-3517;7311250007019
000-3518;7311250006999
000-3518;7311250006999
000-3512;7311250006852
000-3512;7311250006852
000-3522;7311250007125
000-3522;7311250007125
000-3513;7311250006869
000-3513;7311250006869
000-3523;5704420007339
000-3523;5704420007339
000-3525;5704420076984
000-3525;5704420076984
000-2889;
000-2888;
000-2887;
000-2935;
000-2934;
000-2933;
000-2895;
000-2894;
000-2893;
000-2938;
000-2937;
000-2936;
000-2309;793618039752
000-2306;
000-2198;
000-2308;793618039769
000-2305;793618039714
000-2197;793591594262
000-2307;793618039776
000-2304;793618039721
000-2196;793591594279
000-2640;793618039783
000-2639;793618039738
000-2638;793591594286
000-2637;793618039790
000-2636;793618039745
000-2635;793591594293
000-2892;
000-2891;
000-2890;
000-3256;6941291526364
000-3260;6941291526357
000-3257;6941291526371
000-3259;6941291526388
000-3258;6941291526395
000-3671;6941291534369
000-3674;6941291534406
000-3675;6941291534383
000-3673;6941291534390
000-3672;6941291534376
000-3040;6941291528061
000-3041;6941291527835
000-3042;6941291527842
000-3043;6941291527811
000-3044;6941291527828
000-2755;6941291528078
000-2754;6941291527873
000-2753;6941291527859
000-2752;6941291527866
000-2751;6941291521864
000-3543;6941291513968
000-3541;6941291513999
000-3539;6941291514002
000-3542;6941291513982
000-3540;6941291513975
000-3250;6941291526784
000-3251;6941291526753
000-3252;6941291526807
000-3253;6941291541763
000-3254;6941291524216
000-3255;6941291537414
000-3323;6941291512855
000-2405;6941291505284
000-2410;6941291504836
000-3324;6941291512824
000-2409;6941291506267
000-3322;6941291512831
000-2404;6941291504829
000-2408;6941291505291
000-2407;6941291504867
000-2406;6941291504850
000-3261;6941291524926
000-3695;6941291531641
000-3538;6941291502382
000-3537;6941291502368
000-2747;
000-2748;
000-2750;6941291519069
000-2749;
000-3564;
000-3535;6941291545624
000-3536;6941291545617
000-3534;6941291545631
000-3533;6941291545655
000-3265;6941291530132
000-3264;6941291530163
000-3263;6941291530156
000-3266;6941291530187
000-3262;6941291530149
000-3267;6941291530170
000-3544;6941291501972
000-3547;6941291502016
000-3546;6941291502009
000-3545;6941291502023
000-2411;6941291500425
000-3670;6941291501934
000-2412;
000-2413;6941291503853
000-3426;6974732003995
000-3427;6974732003940
000-3428;6974732004015
000-3445;6972464296289
000-3429;6974732004060
000-3430;6974732003957
000-3431;6974732004046
000-3432;6974732004077
000-3433;6974732004008
000-3434;6974732004039
000-3435;6974732003933
000-3444;6972464296227
000-3443;6972464296234
000-3436;6974732003971
000-3437;6974732003988
000-3442;6972464296302
000-3438;6974732004053
000-3439;6974732004022
000-3440;6974732003964
000-3441;6972464296265
000-3446;5715345000206
000-3447;5715345000237
000-3448;5715345000213
000-3449;5715345000190
000-3450;5715345000220
000-3451;5715345000183
000-101;
000-103;
000-102;
000-99;
000-100;
000-2618;
000-2619;6971732609264
000-3681;5002023031615
000-3677;5002023031622
000-3678;5002023031660
000-3680;5002023031653
000-3682;5002023031646
000-3679;5002023031639
000-3713;7340170000176
000-3713;7340170000176
000-3708;7340170000138
000-3708;7340170000138
000-3724;7340170000091
000-3724;7340170000091
000-3723;7340170005041
000-3723;7340170005041
000-3710;7340170001333
000-3710;7340170001333
000-3714;7340170000398
000-3714;7340170000398
000-3715;7340170005683
000-3715;7340170005683
000-3710;7340170000152
000-3710;7340170000152
000-3709;7340170004952
000-3709;7340170004952
000-3712;7340170005546
000-3712;7340170005546
000-3340;658238994860
000-3341;658238994877
000-3342;658238994884
000-3343;658238994891
000-3345;768173877378
000-3346;658238994914
000-3347;658238994921
000-3348;658238994938
000-3356;742978613454
000-3350;761371054428
000-3351;658238995003
000-3349;658238994945
000-3352;658238995010
000-3358;658238995386
000-3359;658238995393
000-3360;658238995409
000-3361;658238995416
000-3353;658238995027
000-3354;658238995034
000-3355;658238995065
000-3357;658238995089
000-3344;761371054442
000-3502;5704420069825
000-3502;5704420069825
000-3503;5704420069832
000-3503;5704420069832
000-3506;7311250007026
000-3506;7311250007026
000-3507;7311250007033
000-3507;7311250007033
000-3504;7311250079061
000-3504;7311250079061
000-3505;7311250079078
000-3505;7311250079078
000-3509;7311250079108
000-3509;7311250079108
000-3510;7311250078309
000-3510;7311250078309
000-3508;7311250079092
000-3508;7311250079092
000-3494;311250079061
000-3494;311250079061
000-3493;7311250007064
000-3493;7311250007064
000-3496;7311250076732
000-3496;7311250076732
000-3501;7311250079047
000-3501;7311250079047
000-3495;7311250004865
000-3495;7311250004865
000-3491;7311250004667
000-3491;7311250004667
000-3492;7311250004728
000-3492;7311250004728
000-3497;7311250004957
000-3497;7311250004957
000-3498;7311250006326
000-3498;7311250006326
000-3499;7311250004629
000-3499;7311250004629
000-3490;7311250004650
000-3490;7311250004650
000-3500;7311250006838
000-3500;7311250006838
